timestamp,total_cpu_avg,mean_cpu_avg,vm_count
0,1229569.371243,8.592138383574184,143104
300,1211321.708681,8.470485008782909,143005
600,1206634.913945,8.439422797847191,142976
900,1190368.506855,8.329206219466117,142915
1200,1180991.687706,8.265850721646743,142876
1500,1220288.956307,8.545799937721473,142794
1800,1192507.886738,8.36161107538372,142617
2100,1164390.148936,8.167433443944867,142565
2400,1163261.861012,8.162496481106986,142513
2700,1164324.219565,8.173334687442964,142454
3000,1166436.30137,8.191323684646662,142399
3300,1190592.429829,8.362898654376748,142366
3600,1171241.897561,8.231198284954285,142293
3900,1148830.630059,8.073186814373656,142302
4200,1141471.597877,8.027847427557687,142189
4500,1136152.961589,7.994658946965112,142114
4800,1128997.301928,7.947718822749256,142053
5100,1155790.748398,8.139428787512587,141999
5400,1164683.352213,8.193513420705326,142147
5700,1154649.062431,8.120123367963936,142196
6000,1137819.82328,8.00565566908469,142127
6300,1120422.101932,7.885298767907663,142090
6600,1117945.197616,7.869306774524158,142064
6900,1129061.769538,7.9499635232676855,142021
7200,1124319.322863,7.920419035047058,141952
7500,1146013.997684,8.077916386015367,141870
7800,1141822.025774,8.05330699571881,141783
8100,1108894.752515,7.828247566341695,141653
8400,1087880.818123,7.6841308007981635,141575
8700,1124973.970922,7.946134352265584,141575
9000,1124757.841783,7.932896813342831,141784
9300,1116754.203223,7.876002900184778,141792
9600,1115290.889407,7.868957048866531,141733
9900,1088367.392816,7.687893485268667,141569
10200,1078826.195,7.623728490767372,141509
10500,1098975.331017,7.769739973112843,141443
10800,1096470.750619,7.7544997144160455,141398
11100,1104377.789824,7.817441582660278,141271
11400,1105964.904443,7.832335288714988,141205
11700,1093612.338402,7.751772683404334,141079
12000,1083965.641732,7.686118753816591,141029
12300,1096274.656488,7.777810814464806,140949
12600,1073246.723,7.618108353858931,140881
12900,1068473.235735,7.58557133338303,140856
13200,1075103.317537,7.636707492751152,140781
13500,1065596.855671,7.573592247784277,140699
13800,1063065.420145,7.556674558000839,140679
14100,1088123.258732,7.73347589413161,140703
14400,1071904.88742,7.624495062985909,140587
14700,1073227.301346,7.637921767708327,140513
15000,1093776.508662,7.7866042234372,140469
15300,1102017.734549,7.846558353737379,140446
15600,1100262.454411,7.836403908798895,140404
15900,1130185.631033,8.052278712937103,140356
16200,1093172.837527,7.782916156623333,140458
16500,1086500.963165,7.7344791825235815,140475
16800,1090316.100641,7.75788264546082,140543
17100,1084622.521828,7.719128906832917,140511
17400,1082797.603401,7.708994107896253,140459
17700,1076871.904796,7.669809298851885,140404
18000,1056629.331631,7.528155572084042,140357
18300,1053482.27551,7.5020991668862385,140425
18600,1073809.960043,7.64876387237695,140390
18900,1074253.93659,7.653398235931122,140363
19200,1079622.24141,7.693507695558295,140329
19500,1096647.528493,7.808933161199131,140435
19800,1077140.362998,7.66331594785071,140558
20100,1054747.683327,7.506352984948118,140514
20400,1048758.445997,7.466279711795025,140466
20700,1038471.656025,7.395889639240236,140412
21000,1056784.065346,7.527970774862696,140381
21300,1078485.308227,7.6787846794375225,140450
21600,1073635.661051,7.644092052508668,140453
21900,1067369.461624,7.6012637916536105,140420
22200,1073364.510353,7.640638309472455,140481
22500,1090096.170414,7.7589677242179445,140495
22800,1112267.784948,7.912385628449275,140573
23100,1152069.256407,8.195814526826872,140568
23400,1125898.549769,7.9952460909168375,140821
23700,1092911.037669,7.7588459297813435,140860
24000,1096530.160253,7.784262664629255,140865
24300,1093169.921718,7.769343380866079,140703
24600,1090554.209442,7.749266037390748,140730
24900,1098614.954365,7.811484235500315,140641
25200,1088573.638142,7.740307587206781,140637
25500,1095852.405131,7.792174104106375,140635
25800,1105404.301201,7.85919972983484,140651
26100,1091527.581084,7.757615853735501,140704
26400,1091590.711676,7.758174806868416,140702
26700,1149858.817746,8.172589449284633,140697
27000,1118364.919842,7.947900106899198,140712
27300,1098956.264939,7.811467213555105,140685
27600,1112833.155202,7.909430586309587,140697
27900,1101201.752839,7.823757933080405,140751
28200,1092412.291068,7.759105987371352,140791
28500,1119014.982535,7.9438823166506936,140865
28800,1106774.15224,7.856705843969618,140870
29100,1105847.160658,7.846950269699915,140927
29400,1128435.836533,8.008600501997828,140903
29700,1123711.123821,7.9723529724585145,140951
30000,1117647.706136,7.9323740472543784,140897
30300,1139678.52951,8.098046182612713,140735
30600,1130722.357895,8.034350542114312,140736
30900,1112449.070624,7.901085041755151,140797
31200,1107153.573955,7.864535466869823,140778
31500,1104710.227347,7.849577058635023,140735
31800,1095606.505417,7.783673319387313,140757
32100,1112292.303344,7.899803290795454,140800
32400,1114591.165329,7.9159055518948325,140804
32700,1121276.008931,7.966776622314272,140744
33000,1106148.598741,7.857396743390303,140778
33300,1097141.227846,7.7929710897816555,140786
33600,1088871.915187,7.733904733131144,140792
33900,1124410.368096,7.981447551044166,140878
34200,1131417.627141,8.018040147269133,141109
34500,1117495.409645,7.909064211567452,141293
34800,1128713.319476,7.987497837916638,141310
35100,1130647.643826,7.990838019025675,141493
35400,1137216.018854,8.02959880005366,141628
35700,1151476.167797,8.127990568067593,141668
36000,1154219.231665,8.145455795407232,141701
36300,1166942.225118,8.230770818589626,141778
36600,1159114.847836,8.173371466096913,141816
36900,1145078.848084,8.07456896112486,141813
37200,1135514.882224,8.002613816213627,141893
37500,1171091.325931,8.250143192795953,141948
37800,1152967.538356,8.12349424614951,141930
38100,1158229.938652,8.161606760894074,141912
38400,1188431.164195,8.372771341376637,141940
38700,1197526.036905,8.43494517866199,141972
39000,1186127.231593,8.349480723588625,142060
39300,1181183.886567,8.311757698733375,142110
39600,1157836.964864,8.145177382089342,142150
39900,1156827.05266,8.136412920754823,142179
40200,1169037.559744,8.218825777346579,142239
40500,1158900.554624,8.141834315430065,142339
40800,1150446.047453,8.079826157621941,142385
41100,1178776.252534,8.280947063070784,142348
41400,1182587.811933,8.296998652464008,142532
41700,1173653.768097,8.22675653881525,142663
42000,1183714.322569,8.296229508967558,142681
42300,635845.195176,8.404758504963452,75653
