timestamp,vm_category,cpu_avg
0,Delay-insensitive,690886.47036
0,Interactive,452446.137332
0,Unkown,86236.763551
300,Delay-insensitive,681258.671645
300,Interactive,444925.982413
300,Unkown,85137.054623
600,Delay-insensitive,682694.366746
600,Interactive,439372.204639
600,Unkown,84568.34256
900,Delay-insensitive,673903.894501
900,Interactive,432483.358967
900,Unkown,83981.253387
1200,Delay-insensitive,667965.001369
1200,Interactive,429842.618696
1200,Unkown,83184.067641
1500,Delay-insensitive,688718.615373
1500,Interactive,447786.98664
1500,Unkown,83783.354294
1800,Delay-insensitive,675189.136457
1800,Interactive,432911.701305
1800,Unkown,84407.048976
2100,Delay-insensitive,656105.678348
2100,Interactive,427460.149076
2100,Unkown,80824.321512
2400,Delay-insensitive,651335.699866
2400,Interactive,434172.618823
2400,Unkown,77753.542323
2700,Delay-insensitive,651840.856091
2700,Interactive,431860.674838
2700,Unkown,80622.688636
3000,Delay-insensitive,655427.496439
3000,Interactive,429492.447452
3000,Unkown,81516.357479
3300,Delay-insensitive,666933.131153
3300,Interactive,441728.036114
3300,Unkown,81931.262562
3600,Delay-insensitive,651166.853029
3600,Interactive,438948.964186
3600,Unkown,81126.080346
3900,Delay-insensitive,637796.3898
3900,Interactive,434489.422637
3900,Unkown,76544.817622
4200,Delay-insensitive,633455.714214
4200,Interactive,432042.16263
4200,Unkown,75973.721033
4500,Delay-insensitive,635628.90067
4500,Interactive,425008.609108
4500,Unkown,75515.451811
4800,Delay-insensitive,633112.696887
4800,Interactive,420915.242426
4800,Unkown,74969.362615
5100,Delay-insensitive,641467.803365
5100,Interactive,436586.275427
5100,Unkown,77736.669606
5400,Delay-insensitive,653893.293981
5400,Interactive,429419.824592
5400,Unkown,81370.23364
5700,Delay-insensitive,644294.71372
5700,Interactive,428130.013869
5700,Unkown,82224.334842
6000,Delay-insensitive,627872.000919
6000,Interactive,432585.808292
6000,Unkown,77362.014069
6300,Delay-insensitive,619994.266486
6300,Interactive,423769.621568
6300,Unkown,76658.213878
6600,Delay-insensitive,618565.713525
6600,Interactive,423862.556885
6600,Unkown,75516.927206
6900,Delay-insensitive,620984.514499
6900,Interactive,432535.176992
6900,Unkown,75542.078047
7200,Delay-insensitive,617965.76322
7200,Interactive,430412.048905
7200,Unkown,75941.510738
7500,Delay-insensitive,629924.726723
7500,Interactive,437712.928107
7500,Unkown,78376.342854
7800,Delay-insensitive,625605.931054
7800,Interactive,438824.475659
7800,Unkown,77391.619061
8100,Delay-insensitive,606339.784517
8100,Interactive,427675.724201
8100,Unkown,74879.243797
8400,Delay-insensitive,594304.24348
8400,Interactive,420748.531787
8400,Unkown,72828.042856
8700,Delay-insensitive,616221.627813
8700,Interactive,431378.91853
8700,Unkown,77373.424579
9000,Delay-insensitive,625516.644953
9000,Interactive,422850.008696
9000,Unkown,76391.188134
9300,Delay-insensitive,620930.141452
9300,Interactive,419420.113515
9300,Unkown,76403.948256
9600,Delay-insensitive,615825.704236
9600,Interactive,422856.189493
9600,Unkown,76608.995678
9900,Delay-insensitive,597569.598969
9900,Interactive,418676.73403
9900,Unkown,72121.059817
10200,Delay-insensitive,590852.441529
10200,Interactive,417159.121613
10200,Unkown,70814.631858
10500,Delay-insensitive,603980.313182
10500,Interactive,422269.101859
10500,Unkown,72725.915976
10800,Delay-insensitive,605897.589307
10800,Interactive,416361.617014
10800,Unkown,74211.544298
11100,Delay-insensitive,609311.91285
11100,Interactive,421440.532346
11100,Unkown,73625.344628
11400,Delay-insensitive,605915.888079
11400,Interactive,428304.791045
11400,Unkown,71744.225319
11700,Delay-insensitive,602798.555021
11700,Interactive,416108.215743
11700,Unkown,74705.567638
12000,Delay-insensitive,596203.062024
12000,Interactive,412278.889165
12000,Unkown,75483.690543
12300,Delay-insensitive,597707.943895
12300,Interactive,425555.973343
12300,Unkown,73010.73925
12600,Delay-insensitive,588877.730002
12600,Interactive,414111.583114
12600,Unkown,70257.409884
12900,Delay-insensitive,587300.38116
12900,Interactive,412700.264649
12900,Unkown,68472.589926
13200,Delay-insensitive,587656.879451
13200,Interactive,418590.447274
13200,Unkown,68855.990812
13500,Delay-insensitive,582037.332689
13500,Interactive,413465.6189
13500,Unkown,70093.904082
13800,Delay-insensitive,583057.560961
13800,Interactive,411618.836735
13800,Unkown,68389.022449
14100,Delay-insensitive,598119.5663
14100,Interactive,417869.032104
14100,Unkown,72134.660328
14400,Delay-insensitive,589238.655053
14400,Interactive,412325.356759
14400,Unkown,70340.875608
14700,Delay-insensitive,591525.675167
14700,Interactive,413660.325922
14700,Unkown,68041.300257
15000,Delay-insensitive,601069.404047
15000,Interactive,424230.999002
15000,Unkown,68476.105613
15300,Delay-insensitive,602621.00787
15300,Interactive,430956.024828
15300,Unkown,68440.701851
15600,Delay-insensitive,600313.23492
15600,Interactive,431797.758674
15600,Unkown,68151.460817
15900,Delay-insensitive,617488.274482
15900,Interactive,437358.067058
15900,Unkown,75339.289493
16200,Delay-insensitive,600824.777733
16200,Interactive,419523.609304
16200,Unkown,72824.45049
16500,Delay-insensitive,598099.341349
16500,Interactive,414437.339428
16500,Unkown,73964.282388
16800,Delay-insensitive,597618.822122
16800,Interactive,419724.531206
16800,Unkown,72972.747313
17100,Delay-insensitive,592991.938913
17100,Interactive,416246.865623
17100,Unkown,75383.717292
17400,Delay-insensitive,591565.276589
17400,Interactive,417686.719509
17400,Unkown,73545.607303
17700,Delay-insensitive,586081.519886
17700,Interactive,420690.167535
17700,Unkown,70100.217375
18000,Delay-insensitive,574948.350632
18000,Interactive,410837.133389
18000,Unkown,70843.84761
18300,Delay-insensitive,574921.362361
18300,Interactive,407763.048757
18300,Unkown,70797.864392
18600,Delay-insensitive,582411.135172
18600,Interactive,419584.192214
18600,Unkown,71814.632657
18900,Delay-insensitive,580139.352654
18900,Interactive,423791.398779
18900,Unkown,70323.185157
19200,Delay-insensitive,582655.311737
19200,Interactive,423102.682815
19200,Unkown,73864.246858
19500,Delay-insensitive,591838.053174
19500,Interactive,428355.313898
19500,Unkown,76454.161421
19800,Delay-insensitive,586212.040696
19800,Interactive,415286.933457
19800,Unkown,75641.388845
20100,Delay-insensitive,570247.902599
20100,Interactive,410852.926736
20100,Unkown,73646.853992
20400,Delay-insensitive,560366.347002
20400,Interactive,418433.62819
20400,Unkown,69958.470805
20700,Delay-insensitive,555196.23953
20700,Interactive,415021.305025
20700,Unkown,68254.11147
21000,Delay-insensitive,567118.818344
21000,Interactive,416059.89817
21000,Unkown,73605.348832
21300,Delay-insensitive,581229.500774
21300,Interactive,420369.068452
21300,Unkown,76886.739001
21600,Delay-insensitive,579654.635562
21600,Interactive,416503.266404
21600,Unkown,77477.759085
21900,Delay-insensitive,576002.483855
21900,Interactive,413072.664865
21900,Unkown,78294.312904
22200,Delay-insensitive,580980.16842
22200,Interactive,417133.700598
22200,Unkown,75250.641335
22500,Delay-insensitive,596116.701746
22500,Interactive,418967.421417
22500,Unkown,75012.047251
22800,Delay-insensitive,608393.997399
22800,Interactive,426667.107812
22800,Unkown,77206.679737
23100,Delay-insensitive,625034.469504
23100,Interactive,449048.430005
23100,Unkown,77986.356898
23400,Delay-insensitive,616909.411748
23400,Interactive,431164.394895
23400,Unkown,77824.743126
23700,Delay-insensitive,595507.509873
23700,Interactive,419054.260938
23700,Unkown,78349.266858
24000,Delay-insensitive,598763.216653
24000,Interactive,417552.353292
24000,Unkown,80214.590308
24300,Delay-insensitive,595582.705788
24300,Interactive,415132.491982
24300,Unkown,82454.723948
24600,Delay-insensitive,593752.840827
24600,Interactive,412784.112427
24600,Unkown,84017.256188
24900,Delay-insensitive,597221.563737
24900,Interactive,417889.529751
24900,Unkown,83503.860877
25200,Delay-insensitive,591460.220407
25200,Interactive,412558.469291
25200,Unkown,84554.948444
25500,Delay-insensitive,592598.040223
25500,Interactive,414653.76977
25500,Unkown,88600.595138
25800,Delay-insensitive,598122.458862
25800,Interactive,417968.274956
25800,Unkown,89313.567383
26100,Delay-insensitive,589378.19493
26100,Interactive,412745.314046
26100,Unkown,89404.072108
26400,Delay-insensitive,587937.776275
26400,Interactive,416787.670789
26400,Unkown,86865.264612
26700,Delay-insensitive,612439.768814
26700,Interactive,441432.163771
26700,Unkown,95986.885161
27000,Delay-insensitive,592439.378278
27000,Interactive,431383.608243
27000,Unkown,94541.933321
27300,Delay-insensitive,584351.614105
27300,Interactive,418701.201709
27300,Unkown,95903.449125
27600,Delay-insensitive,595625.365186
27600,Interactive,421500.672165
27600,Unkown,95707.117851
27900,Delay-insensitive,585634.000301
27900,Interactive,418209.642001
27900,Unkown,97358.110537
28200,Delay-insensitive,582160.567403
28200,Interactive,409328.518087
28200,Unkown,100923.205578
28500,Delay-insensitive,595908.232335
28500,Interactive,415549.924349
28500,Unkown,107556.825851
28800,Delay-insensitive,585928.826291
28800,Interactive,413568.777952
28800,Unkown,107276.547997
29100,Delay-insensitive,586017.745991
29100,Interactive,410598.297316
29100,Unkown,109231.117351
29400,Delay-insensitive,599362.530325
29400,Interactive,416596.835589
29400,Unkown,112476.470619
29700,Delay-insensitive,593948.187421
29700,Interactive,414773.125795
29700,Unkown,114989.810605
30000,Delay-insensitive,586449.299731
30000,Interactive,414244.530543
30000,Unkown,116953.875862
30300,Delay-insensitive,589935.14204
30300,Interactive,431984.382412
30300,Unkown,117759.005058
30600,Delay-insensitive,579934.508062
30600,Interactive,432806.584407
30600,Unkown,117981.265426
30900,Delay-insensitive,567961.544346
30900,Interactive,426816.686423
30900,Unkown,117670.839855
31200,Delay-insensitive,564835.328624
31200,Interactive,423507.416883
31200,Unkown,118810.828448
31500,Delay-insensitive,567344.313075
31500,Interactive,417973.988096
31500,Unkown,119391.926176
31800,Delay-insensitive,562886.299162
31800,Interactive,412465.696629
31800,Unkown,120254.509626
32100,Delay-insensitive,566479.088865
32100,Interactive,420570.342661
32100,Unkown,125242.871818
32400,Delay-insensitive,563261.061543
32400,Interactive,425417.307341
32400,Unkown,125912.796445
32700,Delay-insensitive,564798.950082
32700,Interactive,426192.431278
32700,Unkown,130284.627571
33000,Delay-insensitive,554401.784272
33000,Interactive,423111.102259
33000,Unkown,128635.71221
33300,Delay-insensitive,550564.995944
33300,Interactive,415994.628329
33300,Unkown,130581.603573
33600,Delay-insensitive,545868.051968
33600,Interactive,411586.379666
33600,Unkown,131417.483553
33900,Delay-insensitive,561445.731552
33900,Interactive,425134.173691
33900,Unkown,137830.462853
34200,Delay-insensitive,569289.396446
34200,Interactive,417890.378235
34200,Unkown,144237.85246
34500,Delay-insensitive,559850.613804
34500,Interactive,415232.109379
34500,Unkown,142412.686462
34800,Delay-insensitive,561630.238417
34800,Interactive,420193.708132
34800,Unkown,146889.372927
35100,Delay-insensitive,563182.252584
35100,Interactive,415189.74039
35100,Unkown,152275.650852
35400,Delay-insensitive,570788.073968
35400,Interactive,414669.840534
35400,Unkown,151758.104352
35700,Delay-insensitive,574311.268843
35700,Interactive,420908.097044
35700,Unkown,156256.80191
36000,Delay-insensitive,570002.725878
36000,Interactive,422533.249601
36000,Unkown,161683.256186
36300,Delay-insensitive,571733.0118
36300,Interactive,430658.222517
36300,Unkown,164550.990801
36600,Delay-insensitive,569387.682256
36600,Interactive,425047.289617
36600,Unkown,164679.875963
36900,Delay-insensitive,562487.078154
36900,Interactive,414399.148834
36900,Unkown,168192.621096
37200,Delay-insensitive,554081.684205
37200,Interactive,411999.861415
37200,Unkown,169433.336604
37500,Delay-insensitive,571316.061086
37500,Interactive,427725.152344
37500,Unkown,172050.112501
37800,Delay-insensitive,560903.278507
37800,Interactive,418466.356588
37800,Unkown,173597.903261
38100,Delay-insensitive,565140.408321
38100,Interactive,418772.937545
38100,Unkown,174316.592786
38400,Delay-insensitive,575482.889523
38400,Interactive,431809.529125
38400,Unkown,181138.745547
38700,Delay-insensitive,573842.071263
38700,Interactive,440408.339337
38700,Unkown,183275.626305
39000,Delay-insensitive,567147.086603
39000,Interactive,430098.714519
39000,Unkown,188881.430471
39300,Delay-insensitive,564859.802021
39300,Interactive,426285.139124
39300,Unkown,190038.945422
39600,Delay-insensitive,549235.373078
39600,Interactive,416535.677739
39600,Unkown,192065.914047
39900,Delay-insensitive,552663.997384
39900,Interactive,413278.334431
39900,Unkown,190884.720845
40200,Delay-insensitive,557221.315803
40200,Interactive,415465.851187
40200,Unkown,196350.392754
40500,Delay-insensitive,549913.166388
40500,Interactive,412099.255473
40500,Unkown,196888.132763
40800,Delay-insensitive,543848.595189
40800,Interactive,408428.362445
40800,Unkown,198169.089819
41100,Delay-insensitive,553503.068802
41100,Interactive,425029.478682
41100,Unkown,200243.70505
41400,Delay-insensitive,559812.396359
41400,Interactive,418221.418506
41400,Unkown,204553.997068
41700,Delay-insensitive,552253.150206
41700,Interactive,416404.311362
41700,Unkown,204996.306529
42000,Delay-insensitive,557667.9741
42000,Interactive,417556.486613
42000,Unkown,208489.861856
42300,Delay-insensitive,297032.187012
42300,Interactive,225652.723921
42300,Unkown,113160.284243
